fixture_id,width,height,phase,operation,recipe_index,measured_count,min_ms,p50_ms,p95_ms,p99_ms,max_ms,p95_target_ms,p95_target_met
private-Canon-EOS-5D-Mark-IV-RAW,6720,4480,kernel,neutral,0,100,2.2287909999999997,2.3159579999999997,2.379041,2.400292,2.404167,100,True
private-Canon-EOS-5D-Mark-IV-RAW,6720,4480,kernel,crop,0,100,2.6644170000000003,2.7687079999999997,2.830625,2.8584169999999998,3.208208,100,True
private-Canon-EOS-5D-Mark-IV-RAW,6720,4480,warm_service,crop,0,100,110.247625,113.76,119.333416,125.38508300000001,126.12858399999999,250,True
private-Canon-EOS-5D-Mark-IV-RAW,6720,4480,kernel,straighten,0,100,10.162708,10.396458,10.595666,10.665667000000001,10.757124999999998,100,True
private-Canon-EOS-5D-Mark-IV-RAW,6720,4480,warm_service,straighten,0,100,124.361541,130.26429100000001,134.72087499999998,136.44324999999998,142.698125,250,True
private-Canon-EOS-5D-Mark-IV-RAW,6720,4480,kernel,exposure,0,100,8.092167000000002,8.258916999999999,8.444166,8.504332999999999,8.585792,100,True
private-Canon-EOS-5D-Mark-IV-RAW,6720,4480,warm_service,exposure,0,100,121.202958,125.50662500000001,133.773833,153.243417,355.066666,250,True
private-Canon-EOS-5D-Mark-IV-RAW,6720,4480,kernel,white_balance,0,100,2.259584,2.363167,2.427709,2.4728749999999997,2.5551250000000003,100,True
private-Canon-EOS-5D-Mark-IV-RAW,6720,4480,warm_service,white_balance,0,100,115.271125,118.355042,122.271583,130.076584,130.118666,250,True
private-Canon-EOS-5D-Mark-IV-RAW,6720,4480,kernel,contrast,0,100,11.069209,11.2715,11.425958,11.646958000000001,11.65625,100,True
private-Canon-EOS-5D-Mark-IV-RAW,6720,4480,warm_service,contrast,0,100,124.018209,127.608167,133.495417,144.493292,319.184833,250,True
private-Canon-EOS-5D-Mark-IV-RAW,6720,4480,kernel,highlights,0,100,8.152042,8.333791999999999,8.416791,8.490958,8.523416000000001,100,True
private-Canon-EOS-5D-Mark-IV-RAW,6720,4480,warm_service,highlights,0,100,121.242958,125.44287500000002,130.64083300000001,137.8105,138.459042,250,True
private-Canon-EOS-5D-Mark-IV-RAW,6720,4480,kernel,shadows,0,100,8.17675,8.358209,8.497834,8.532417,8.634583,100,True
private-Canon-EOS-5D-Mark-IV-RAW,6720,4480,warm_service,shadows,0,100,121.026834,126.13174999999998,129.689625,137.48487500000002,306.108542,250,True
private-Canon-EOS-5D-Mark-IV-RAW,6720,4480,kernel,saturation,0,100,8.037249999999998,8.294042,8.476374999999999,8.535957999999999,8.687417,100,True
private-Canon-EOS-5D-Mark-IV-RAW,6720,4480,warm_service,saturation,0,100,120.962292,125.76533300000001,130.372125,146.108916,191.24333299999998,250,True
private-Canon-EOS-5D-Mark-IV-RAW,6720,4480,kernel,vibrance,0,100,8.03275,8.241791,8.33925,8.395167,8.409041,100,True
private-Canon-EOS-5D-Mark-IV-RAW,6720,4480,warm_service,vibrance,0,100,121.27125,125.123666,127.731958,136.02937500000002,137.68012499999998,250,True
private-Canon-EOS-5D-Mark-IV-RAW,6720,4480,kernel,sharpening,0,100,16.617125,16.956125,17.410625,17.530041999999998,17.950958999999997,100,True
private-Canon-EOS-5D-Mark-IV-RAW,6720,4480,warm_service,sharpening,0,100,133.101416,136.58345899999998,139.080375,155.797584,329.982417,250,True
private-Canon-EOS-5D-Mark-IV-RAW,6720,4480,kernel,luminance_noise,0,100,20.601499999999998,20.882542,21.107750000000003,21.180042,21.678041,100,True
private-Canon-EOS-5D-Mark-IV-RAW,6720,4480,warm_service,luminance_noise,0,100,133.015459,138.341708,140.813041,147.46587499999998,147.53025,250,True
private-Canon-EOS-5D-Mark-IV-RAW,6720,4480,kernel,chroma_noise,0,100,20.552083,20.88875,21.188708000000002,25.082708,30.370082999999997,100,True
private-Canon-EOS-5D-Mark-IV-RAW,6720,4480,warm_service,chroma_noise,0,100,134.467833,138.355375,148.784792,150.609375,308.633708,250,True
private-Canon-EOS-5D-Mark-IV-RAW,6720,4480,kernel,combined,0,100,54.999874999999996,55.98525,56.450792,56.5985,56.816834,100,True
private-Canon-EOS-5D-Mark-IV-RAW,6720,4480,warm_service,combined,0,100,167.648709,171.697542,178.256167,183.524708,191.975583,250,True
private-Canon-EOS-5D-Mark-IV-RAW,6720,4480,full,combined,0,20,858.4008749999999,859.842542,869.3730410000001,885.2051250000001,885.2051250000001,5000,True
private-X-T3-RAW,6240,4160,kernel,neutral,0,100,2.237209,2.320958,2.358958,2.369709,2.3707920000000002,100,True
private-X-T3-RAW,6240,4160,kernel,crop,0,100,2.712,2.7763750000000003,2.8435420000000002,2.907708,2.909542,100,True
private-X-T3-RAW,6240,4160,warm_service,crop,0,100,110.116792,115.341334,119.185333,127.35825000000001,295.656625,250,True
private-X-T3-RAW,6240,4160,kernel,straighten,0,100,9.993666,10.145542,10.332792,10.51525,10.552083,100,True
private-X-T3-RAW,6240,4160,warm_service,straighten,0,100,125.888375,133.453833,138.29470799999999,140.04929099999998,144.288917,250,True
private-X-T3-RAW,6240,4160,kernel,exposure,0,100,8.009958,8.124083,8.205583,11.111709000000001,11.184416,100,True
private-X-T3-RAW,6240,4160,warm_service,exposure,0,100,123.716459,128.03229199999998,135.933041,146.555083,250.84466700000002,250,True
private-X-T3-RAW,6240,4160,kernel,white_balance,0,100,2.236708,2.318208,2.373708,2.390708,2.477459,100,True
private-X-T3-RAW,6240,4160,warm_service,white_balance,0,100,119.28108399999999,123.01816699999999,127.95658300000001,136.583209,138.30404199999998,250,True
private-X-T3-RAW,6240,4160,kernel,contrast,0,100,10.937916000000001,11.106,11.375958,11.515084,11.664792,100,True
private-X-T3-RAW,6240,4160,warm_service,contrast,0,100,127.94487500000001,132.068458,136.51962500000002,143.394625,145.38245799999999,250,True
private-X-T3-RAW,6240,4160,kernel,highlights,0,100,8.103167,8.19275,8.304875,11.086958,11.764042,100,True
private-X-T3-RAW,6240,4160,warm_service,highlights,0,100,124.108291,128.059958,134.978208,141.749167,305.76295799999997,250,True
private-X-T3-RAW,6240,4160,kernel,shadows,0,100,8.0985,8.181834,8.344917,12.912625,13.463709000000001,100,True
private-X-T3-RAW,6240,4160,warm_service,shadows,0,100,125.53624999999998,129.74745800000002,138.283292,148.304333,150.256583,250,True
private-X-T3-RAW,6240,4160,kernel,saturation,0,100,8.199209000000002,8.370792,8.617792000000001,8.799417,10.429333000000002,100,True
private-X-T3-RAW,6240,4160,warm_service,saturation,0,100,129.27841700000002,139.492208,145.585708,150.529625,314.080833,250,True
private-X-T3-RAW,6240,4160,kernel,vibrance,0,100,8.273625,9.215875,10.865375,11.680375,11.927833,100,True
private-X-T3-RAW,6240,4160,warm_service,vibrance,0,100,124.917166,128.171791,131.476709,140.37187500000002,143.89933299999998,250,True
private-X-T3-RAW,6240,4160,kernel,sharpening,0,100,17.11075,17.530084000000002,17.964667,18.375415999999998,18.614084,100,True
private-X-T3-RAW,6240,4160,warm_service,sharpening,0,100,133.512875,139.433291,152.871417,162.795083,290.390083,250,True
private-X-T3-RAW,6240,4160,kernel,luminance_noise,0,100,20.658625,21.032541,21.170583,24.197834,28.903333,100,True
private-X-T3-RAW,6240,4160,warm_service,luminance_noise,0,100,139.705084,142.4315,146.7995,155.04279200000002,155.248958,250,True
private-X-T3-RAW,6240,4160,kernel,chroma_noise,0,100,20.819792,21.388082999999998,21.720208,21.803375,21.8945,100,True
private-X-T3-RAW,6240,4160,warm_service,chroma_noise,0,100,140.959333,143.546459,147.976792,158.997583,342.54083299999996,250,True
private-X-T3-RAW,6240,4160,kernel,combined,0,100,55.732,56.646334,57.62025,57.985625,58.066832999999995,100,True
private-X-T3-RAW,6240,4160,warm_service,combined,0,100,172.90012499999997,176.367875,182.34662500000002,185.889166,199.18075,250,True
private-X-T3-RAW,6240,4160,full,combined,0,20,757.6476250000001,759.913375,767.6900840000001,769.445708,769.445708,5000,True
private-X-T3-DNG,6240,4160,kernel,neutral,0,100,2.355292,2.4286659999999998,2.59925,3.013709,3.137916,100,True
private-X-T3-DNG,6240,4160,kernel,crop,0,100,2.78525,2.89075,2.9867079999999997,3.002167,3.01125,100,True
private-X-T3-DNG,6240,4160,warm_service,crop,0,100,109.256958,113.55812499999999,118.74929100000001,123.67645900000001,313.12370899999996,250,True
private-X-T3-DNG,6240,4160,kernel,straighten,0,100,10.352458,10.444500000000001,10.533791,10.56925,10.583708000000001,100,True
private-X-T3-DNG,6240,4160,warm_service,straighten,0,100,124.726083,129.85970799999998,135.614334,140.586666,147.05695899999998,250,True
private-X-T3-DNG,6240,4160,kernel,exposure,0,100,8.109375,8.234458,8.522791,8.560333,8.655084,100,True
private-X-T3-DNG,6240,4160,warm_service,exposure,0,100,121.094042,124.76575,127.22608299999999,132.834333,134.572,250,True
private-X-T3-DNG,6240,4160,kernel,white_balance,0,100,2.339667,2.428417,2.5546670000000002,2.603916,2.610792,100,True
private-X-T3-DNG,6240,4160,warm_service,white_balance,0,100,115.68308300000001,118.736417,121.892375,128.883084,133.54354099999998,250,True
private-X-T3-DNG,6240,4160,kernel,contrast,0,100,11.083124999999999,11.425125,11.686416,11.749542,11.787416,100,True
private-X-T3-DNG,6240,4160,warm_service,contrast,0,100,125.49512500000002,127.999166,131.997959,136.503625,140.79133399999998,250,True
private-X-T3-DNG,6240,4160,kernel,highlights,0,100,8.290000000000001,8.502958,8.632124999999998,8.658208,8.71425,100,True
private-X-T3-DNG,6240,4160,warm_service,highlights,0,100,122.263333,125.50220800000001,134.81125,140.75424999999998,273.08074999999997,250,True
private-X-T3-DNG,6240,4160,kernel,shadows,0,100,8.248834,8.347042,8.671834,8.700167,8.707166,100,True
private-X-T3-DNG,6240,4160,warm_service,shadows,0,100,123.596042,125.85445800000001,131.922416,135.944208,137.82404200000002,250,True
private-X-T3-DNG,6240,4160,kernel,saturation,0,100,8.152875,8.266625,8.513292,8.620333,8.642875,100,True
private-X-T3-DNG,6240,4160,warm_service,saturation,0,100,120.89825,125.439791,132.607625,143.80537500000003,341.701125,250,True
private-X-T3-DNG,6240,4160,kernel,vibrance,0,100,8.162749999999999,8.39025,8.575667000000001,8.671708,8.796792,100,True
private-X-T3-DNG,6240,4160,warm_service,vibrance,0,100,122.337,124.87537499999999,129.893917,135.839,137.618,250,True
private-X-T3-DNG,6240,4160,kernel,sharpening,0,100,16.438833,16.787208,17.065,17.298458999999998,17.362958000000003,100,True
private-X-T3-DNG,6240,4160,warm_service,sharpening,0,100,132.333417,136.580208,145.55279199999998,164.868708,248.56125,250,True
private-X-T3-DNG,6240,4160,kernel,luminance_noise,0,100,20.212958,20.549417000000002,20.817415999999998,21.022,21.151291999999998,100,True
private-X-T3-DNG,6240,4160,warm_service,luminance_noise,0,100,133.642291,136.7825,140.8485,150.59212499999998,158.620291,250,True
private-X-T3-DNG,6240,4160,kernel,chroma_noise,0,100,20.287166,20.716833,20.942625,20.982375,21.044791,100,True
private-X-T3-DNG,6240,4160,warm_service,chroma_noise,0,100,134.2985,137.688334,144.979792,151.0675,156.564333,250,True
private-X-T3-DNG,6240,4160,kernel,combined,0,100,54.078167,55.448625,55.992374999999996,56.191792,56.354875,100,True
private-X-T3-DNG,6240,4160,warm_service,combined,0,100,168.292375,172.30579100000003,179.04566699999998,191.94275,346.134167,250,True
private-X-T3-DNG,6240,4160,full,combined,0,20,748.9906659999999,757.887917,798.811542,801.801708,801.801708,5000,True
private-L1D-20c-DNG,5464,3640,kernel,neutral,0,100,2.325083,2.399125,2.96675,3.058917,3.0760829999999997,100,True
private-L1D-20c-DNG,5464,3640,kernel,crop,0,100,2.7320830000000003,2.8024999999999998,2.89925,2.93975,2.9918750000000003,100,True
private-L1D-20c-DNG,5464,3640,warm_service,crop,0,100,109.301167,113.97270900000001,117.183875,125.003167,126.877084,250,True
private-L1D-20c-DNG,5464,3640,kernel,straighten,0,100,10.267042,10.465957999999999,10.608625,10.704334,10.776625,100,True
private-L1D-20c-DNG,5464,3640,warm_service,straighten,0,100,122.933,130.273125,134.672125,145.216292,357.67225,250,True
private-L1D-20c-DNG,5464,3640,kernel,exposure,0,100,8.07925,8.269709,8.370916000000001,8.391667,8.407333,100,True
private-L1D-20c-DNG,5464,3640,warm_service,exposure,0,100,119.655625,125.70858300000002,129.669542,134.67991700000002,138.94316600000002,250,True
private-L1D-20c-DNG,5464,3640,kernel,white_balance,0,100,2.313584,2.415,2.516417,2.58925,2.5976660000000003,100,True
private-L1D-20c-DNG,5464,3640,warm_service,white_balance,0,100,114.47925000000001,118.688125,123.764292,129.293291,388.02037499999994,250,True
private-L1D-20c-DNG,5464,3640,kernel,contrast,0,100,11.05425,11.30275,11.681333,15.511208,15.641667000000002,100,True
private-L1D-20c-DNG,5464,3640,warm_service,contrast,0,100,124.065167,128.332625,134.26495799999998,139.397333,140.421042,250,True
private-L1D-20c-DNG,5464,3640,kernel,highlights,0,100,8.175167,8.332667,8.541459,8.566167,11.5665,100,True
private-L1D-20c-DNG,5464,3640,warm_service,highlights,0,100,122.68633399999999,126.1255,129.546541,138.220833,340.68466600000005,250,True
private-L1D-20c-DNG,5464,3640,kernel,shadows,0,100,8.179334,8.335375,8.43175,8.497291,8.590458,100,True
private-L1D-20c-DNG,5464,3640,warm_service,shadows,0,100,122.374542,126.229375,130.21225,136.25816700000001,137.466,250,True
private-L1D-20c-DNG,5464,3640,kernel,saturation,0,100,8.068667,8.165875,8.262042000000001,8.357667,8.407959,100,True
private-L1D-20c-DNG,5464,3640,warm_service,saturation,0,100,120.916792,125.357,134.80145800000003,138.85066600000002,337.794667,250,True
private-L1D-20c-DNG,5464,3640,kernel,vibrance,0,100,8.075042,8.287958,8.461666,8.556916,8.614417,100,True
private-L1D-20c-DNG,5464,3640,warm_service,vibrance,0,100,121.827292,125.869958,130.337208,141.63187499999998,142.130333,250,True
private-L1D-20c-DNG,5464,3640,kernel,sharpening,0,100,17.108375,17.352791999999997,17.623041,17.702749999999998,17.710917,100,True
private-L1D-20c-DNG,5464,3640,warm_service,sharpening,0,100,134.12025,137.676166,149.514375,169.334958,272.313375,250,True
private-L1D-20c-DNG,5464,3640,kernel,luminance_noise,0,100,20.445041,20.693959000000003,21.799417000000002,23.243458,24.209875,100,True
private-L1D-20c-DNG,5464,3640,warm_service,luminance_noise,0,100,134.001667,139.050125,150.756833,160.008041,168.049958,250,True
private-L1D-20c-DNG,5464,3640,kernel,chroma_noise,0,100,20.632625,20.951833,21.497166,22.100082999999998,27.164125000000002,100,True
private-L1D-20c-DNG,5464,3640,warm_service,chroma_noise,0,100,134.328791,138.23225,145.577833,152.330833,398.397959,250,True
private-L1D-20c-DNG,5464,3640,kernel,combined,0,100,56.002708,56.619041,57.610125,57.88725,57.894958,100,True
private-L1D-20c-DNG,5464,3640,warm_service,combined,0,100,168.06199999999998,171.632417,175.324125,184.015791,185.18525,250,True
private-L1D-20c-DNG,5464,3640,full,combined,0,20,575.798583,584.270458,587.950625,592.134541,592.134541,5000,True
public-panasonic-gx7mk2,4592,3448,kernel,neutral,0,100,2.599291,2.666125,2.7447079999999997,2.7676250000000002,2.84325,100,True
public-panasonic-gx7mk2,4592,3448,kernel,crop,0,100,3.083209,3.154625,3.26025,3.316958,3.3645,100,True
public-panasonic-gx7mk2,4592,3448,warm_service,crop,0,100,123.609542,127.29358299999998,131.44270799999998,138.06995799999999,139.24445899999998,250,True
public-panasonic-gx7mk2,4592,3448,kernel,straighten,0,100,11.645166,11.866416,12.068583,12.125,12.172832999999999,100,True
public-panasonic-gx7mk2,4592,3448,warm_service,straighten,0,100,140.590875,147.60004099999998,153.704542,157.271083,359.407834,250,True
public-panasonic-gx7mk2,4592,3448,kernel,exposure,0,100,9.149291,9.333499999999999,9.500708,9.585666,9.645959000000001,100,True
public-panasonic-gx7mk2,4592,3448,warm_service,exposure,0,100,137.89683399999998,142.505041,147.414333,157.592625,157.623833,250,True
public-panasonic-gx7mk2,4592,3448,kernel,white_balance,0,100,2.615625,2.7044170000000003,2.791291,2.836917,2.880667,100,True
public-panasonic-gx7mk2,4592,3448,warm_service,white_balance,0,100,132.38525,135.11937500000002,144.995,156.24279199999998,314.012542,250,True
public-panasonic-gx7mk2,4592,3448,kernel,contrast,0,100,12.476709000000001,12.696083,12.936584,14.2455,15.716875000000002,100,True
public-panasonic-gx7mk2,4592,3448,warm_service,contrast,0,100,140.48695899999998,144.994417,149.207375,159.967917,166.68687500000001,250,True
public-panasonic-gx7mk2,4592,3448,kernel,highlights,0,100,9.205042,9.413542,9.528084,9.621042,9.64875,100,True
public-panasonic-gx7mk2,4592,3448,warm_service,highlights,0,100,138.025542,142.269042,146.574041,155.433375,358.12075,250,True
public-panasonic-gx7mk2,4592,3448,kernel,shadows,0,100,9.197875,9.411833,9.536875,9.632375,11.892041,100,True
public-panasonic-gx7mk2,4592,3448,warm_service,shadows,0,100,138.888292,142.08175,145.238417,154.17049999999998,155.416125,250,True
public-panasonic-gx7mk2,4592,3448,kernel,saturation,0,100,9.123583,9.361042,9.56075,9.679708,9.757042,100,True
public-panasonic-gx7mk2,4592,3448,warm_service,saturation,0,100,137.162541,142.325958,150.112791,155.537666,155.633291,250,True
public-panasonic-gx7mk2,4592,3448,kernel,vibrance,0,100,9.156459,9.335625,9.474292,9.537834,9.62925,100,True
public-panasonic-gx7mk2,4592,3448,warm_service,vibrance,0,100,137.49775,142.057208,151.367291,157.905375,309.514292,250,True
public-panasonic-gx7mk2,4592,3448,kernel,sharpening,0,100,18.700499999999998,19.228917000000003,19.602459,19.647542,19.936584,100,True
public-panasonic-gx7mk2,4592,3448,warm_service,sharpening,0,100,150.69225,155.129667,162.170084,168.13174999999998,171.558375,250,True
public-panasonic-gx7mk2,4592,3448,kernel,luminance_noise,0,100,23.061542,23.53825,23.788417,24.280708,24.387084,100,True
public-panasonic-gx7mk2,4592,3448,warm_service,luminance_noise,0,100,150.19887500000002,155.395084,159.504584,190.80991699999998,336.599875,250,True
public-panasonic-gx7mk2,4592,3448,kernel,chroma_noise,0,100,23.194083,23.606792000000002,23.93175,24.04,24.056250000000002,100,True
public-panasonic-gx7mk2,4592,3448,warm_service,chroma_noise,0,100,150.221083,155.90366699999998,161.073625,171.771625,176.50512500000002,250,True
public-panasonic-gx7mk2,4592,3448,kernel,combined,0,100,60.859958999999996,61.813916,62.458166000000006,62.821792,63.126083,100,True
public-panasonic-gx7mk2,4592,3448,warm_service,combined,0,100,189.46574999999999,193.118042,197.105666,204.57429199999999,472.000958,250,True
public-panasonic-gx7mk2,4592,3448,full,combined,0,20,445.671417,447.214542,451.022792,452.35979100000003,452.35979100000003,5000,True
private-Canon-EOS-6D-PSD,2682,3353,kernel,neutral,0,100,2.767583,2.8385,2.922666,3.466541,3.477292,100,True
private-Canon-EOS-6D-PSD,2682,3353,kernel,crop,0,100,3.263167,3.3676660000000003,3.458292,3.4754590000000003,3.482417,100,True
private-Canon-EOS-6D-PSD,2682,3353,warm_service,crop,0,100,124.016583,128.30841600000002,131.636833,138.92808300000002,140.592167,250,True
private-Canon-EOS-6D-PSD,2682,3353,kernel,straighten,0,100,12.361832999999999,12.630541000000001,12.847124999999998,13.063542,17.258209,100,True
private-Canon-EOS-6D-PSD,2682,3353,warm_service,straighten,0,100,140.759167,147.08354200000002,153.622417,162.32970899999998,276.471917,250,True
private-Canon-EOS-6D-PSD,2682,3353,kernel,exposure,0,100,9.709583,9.936708000000001,10.106292,10.412958,13.4355,100,True
private-Canon-EOS-6D-PSD,2682,3353,warm_service,exposure,0,100,136.564292,142.686083,151.575125,163.43374999999997,164.303209,250,True
private-Canon-EOS-6D-PSD,2682,3353,kernel,white_balance,0,100,2.814625,2.8944579999999998,2.988209,3.05225,3.0655,100,True
private-Canon-EOS-6D-PSD,2682,3353,warm_service,white_balance,0,100,131.769625,135.642667,141.77475,148.03620800000002,379.887959,250,True
private-Canon-EOS-6D-PSD,2682,3353,kernel,contrast,0,100,13.308666,13.572375,13.769375,13.915167,13.97,100,True
private-Canon-EOS-6D-PSD,2682,3353,warm_service,contrast,0,100,143.492084,147.112916,149.729208,156.51975000000002,158.527084,250,True
private-Canon-EOS-6D-PSD,2682,3353,kernel,highlights,0,100,9.758709000000001,10.029166,10.285499999999999,11.420375,13.585292,100,True
private-Canon-EOS-6D-PSD,2682,3353,warm_service,highlights,0,100,139.130375,142.965291,153.77837499999998,156.01999999999998,314.360583,250,True
private-Canon-EOS-6D-PSD,2682,3353,kernel,shadows,0,100,9.780833,10.000458,10.165542,10.214208000000001,10.270458,100,True
private-Canon-EOS-6D-PSD,2682,3353,warm_service,shadows,0,100,138.062584,141.829,145.650459,153.643042,154.910917,250,True
private-Canon-EOS-6D-PSD,2682,3353,kernel,saturation,0,100,9.76,9.951667,10.172749999999999,10.339083,10.342042,100,True
private-Canon-EOS-6D-PSD,2682,3353,warm_service,saturation,0,100,136.718625,142.364291,145.9095,157.675875,305.86370800000003,250,True
private-Canon-EOS-6D-PSD,2682,3353,kernel,vibrance,0,100,9.76275,9.974749999999998,10.092165999999999,10.1805,10.198666000000001,100,True
private-Canon-EOS-6D-PSD,2682,3353,warm_service,vibrance,0,100,138.44275,143.064875,148.66608300000001,156.81270899999998,162.49787500000002,250,True
private-Canon-EOS-6D-PSD,2682,3353,kernel,sharpening,0,100,23.039292,23.493208000000003,23.858875,23.969667,24.035167,100,True
private-Canon-EOS-6D-PSD,2682,3353,warm_service,sharpening,0,100,155.525708,159.492667,163.412584,172.305208,176.43200000000002,250,True
private-Canon-EOS-6D-PSD,2682,3353,kernel,luminance_noise,0,100,24.630875,25.183792,25.581708000000003,25.771124999999998,27.501167,100,True
private-Canon-EOS-6D-PSD,2682,3353,warm_service,luminance_noise,0,100,152.799958,157.38470800000002,162.449291,219.831791,223.54908400000002,250,True
private-Canon-EOS-6D-PSD,2682,3353,kernel,chroma_noise,0,100,24.743375,25.108999999999998,25.366584,25.422625,25.8155,100,True
private-Canon-EOS-6D-PSD,2682,3353,warm_service,chroma_noise,0,100,153.760375,158.25066700000002,162.774875,180.326083,181.793625,250,True
private-Canon-EOS-6D-PSD,2682,3353,kernel,combined,0,100,58.385917,59.068792,59.630708999999996,59.821917,68.321125,100,True
private-Canon-EOS-6D-PSD,2682,3353,warm_service,combined,0,100,187.68216700000002,192.25229099999999,204.618583,210.580666,338.180958,250,True
private-Canon-EOS-6D-PSD,2682,3353,full,combined,0,20,260.903459,263.686166,267.72087500000004,289.328167,289.328167,5000,True
private-Canon-EOS-6D-TIFF,5364,3067,kernel,neutral,0,100,1.9689999999999999,2.030875,2.123542,2.1909159999999996,2.222,100,True
private-Canon-EOS-6D-TIFF,5364,3067,kernel,crop,0,100,2.302792,2.38975,2.452625,2.471,2.475334,100,True
private-Canon-EOS-6D-TIFF,5364,3067,warm_service,crop,0,100,106.23766599999999,110.260542,113.792125,119.340583,120.56691699999999,250,True
private-Canon-EOS-6D-TIFF,5364,3067,kernel,straighten,0,100,8.748000000000001,8.951625,9.116875,9.17225,9.476459,100,True
private-Canon-EOS-6D-TIFF,5364,3067,warm_service,straighten,0,100,119.699417,124.05975,130.820833,136.466916,302.179084,250,True
private-Canon-EOS-6D-TIFF,5364,3067,kernel,exposure,0,100,6.9239999999999995,7.092875,7.221709,7.30075,7.331917000000001,100,True
private-Canon-EOS-6D-TIFF,5364,3067,warm_service,exposure,0,100,117.726833,121.46612499999999,125.316708,130.34,133.01258299999998,250,True
private-Canon-EOS-6D-TIFF,5364,3067,kernel,white_balance,0,100,1.944291,2.0395,2.105959,2.131333,2.2222079999999997,100,True
private-Canon-EOS-6D-TIFF,5364,3067,warm_service,white_balance,0,100,112.21012499999999,116.25883300000001,123.004083,129.582125,291.44816699999996,250,True
private-Canon-EOS-6D-TIFF,5364,3067,kernel,contrast,0,100,9.42225,9.632167,9.746333,9.846084,9.849167000000001,100,True
private-Canon-EOS-6D-TIFF,5364,3067,warm_service,contrast,0,100,118.808667,123.069,126.001834,130.032,134.615208,250,True
private-Canon-EOS-6D-TIFF,5364,3067,kernel,highlights,0,100,7.027125000000001,7.13125,7.248,7.351833,7.484541,100,True
private-Canon-EOS-6D-TIFF,5364,3067,warm_service,highlights,0,100,115.824416,120.300083,125.11366600000001,137.99775,277.768666,250,True
private-Canon-EOS-6D-TIFF,5364,3067,kernel,shadows,0,100,6.992458,7.134042,7.245167,7.3095,7.404958,100,True
private-Canon-EOS-6D-TIFF,5364,3067,warm_service,shadows,0,100,116.520583,121.160375,124.343334,131.836042,132.96775,250,True
private-Canon-EOS-6D-TIFF,5364,3067,kernel,saturation,0,100,6.902125,7.068625,7.183,7.265292,7.341208,100,True
private-Canon-EOS-6D-TIFF,5364,3067,warm_service,saturation,0,100,115.840291,121.35625,126.396958,128.704125,128.913625,250,True
private-Canon-EOS-6D-TIFF,5364,3067,kernel,vibrance,0,100,6.963292,7.110375,7.227375,7.275,7.278,100,True
private-Canon-EOS-6D-TIFF,5364,3067,warm_service,vibrance,0,100,116.805959,121.31875000000001,125.36012499999998,131.187167,333.48304099999996,250,True
private-Canon-EOS-6D-TIFF,5364,3067,kernel,sharpening,0,100,14.662666,14.930666,15.120333,15.211125000000001,15.243708999999999,100,True
private-Canon-EOS-6D-TIFF,5364,3067,warm_service,sharpening,0,100,127.685583,131.567208,134.72704099999999,143.629333,147.394916,250,True
private-Canon-EOS-6D-TIFF,5364,3067,kernel,luminance_noise,0,100,17.737667,17.965625,18.256709,18.444459,18.565042000000002,100,True
private-Canon-EOS-6D-TIFF,5364,3067,warm_service,luminance_noise,0,100,128.06799999999998,131.123334,139.02920799999998,182.82145799999998,262.711916,250,True
private-Canon-EOS-6D-TIFF,5364,3067,kernel,chroma_noise,0,100,17.550625,17.920416000000003,18.215208999999998,18.321541,18.3345,100,True
private-Canon-EOS-6D-TIFF,5364,3067,warm_service,chroma_noise,0,100,128.883083,131.881,136.854208,141.167417,143.897667,250,True
private-Canon-EOS-6D-TIFF,5364,3067,kernel,combined,0,100,47.689750000000004,48.340333,48.825208,52.065292,62.829625,100,True
private-Canon-EOS-6D-TIFF,5364,3067,warm_service,combined,0,100,157.807959,161.959083,169.69941599999999,176.16520899999998,354.36479199999997,250,True
private-Canon-EOS-6D-TIFF,5364,3067,full,combined,0,20,475.154833,481.280583,484.48524999999995,486.282667,486.282667,5000,True
private-Canon-PowerShot-G15-JPG,4000,3000,kernel,neutral,0,100,2.579292,2.6600420000000002,2.715208,2.7265829999999998,2.735625,100,True
private-Canon-PowerShot-G15-JPG,4000,3000,kernel,crop,0,100,3.0582920000000002,3.149625,3.3911670000000003,3.798584,3.8804999999999996,100,True
private-Canon-PowerShot-G15-JPG,4000,3000,warm_service,crop,0,100,122.451083,126.52804200000001,129.68025,136.350542,136.910125,250,True
private-Canon-PowerShot-G15-JPG,4000,3000,kernel,straighten,0,100,11.576125,11.845457999999999,12.106375000000002,13.164334,16.410666,100,True
private-Canon-PowerShot-G15-JPG,4000,3000,warm_service,straighten,0,100,140.354417,146.3325,150.284708,154.503333,290.016542,250,True
private-Canon-PowerShot-G15-JPG,4000,3000,kernel,exposure,0,100,9.133208999999999,9.294749999999999,9.420291,9.488541,9.497458,100,True
private-Canon-PowerShot-G15-JPG,4000,3000,warm_service,exposure,0,100,135.899083,140.944041,148.310125,153.520625,156.929125,250,True
private-Canon-PowerShot-G15-JPG,4000,3000,kernel,white_balance,0,100,2.605417,2.687875,2.767709,2.790375,2.8265000000000002,100,True
private-Canon-PowerShot-G15-JPG,4000,3000,warm_service,white_balance,0,100,128.64379100000002,134.13066700000002,138.852167,151.841583,323.275417,250,True
private-Canon-PowerShot-G15-JPG,4000,3000,kernel,contrast,0,100,12.398208,12.574,12.804416000000002,13.331249999999999,13.805708,100,True
private-Canon-PowerShot-G15-JPG,4000,3000,warm_service,contrast,0,100,140.12050000000002,144.130708,149.11170800000002,159.495208,166.13820800000002,250,True
private-Canon-PowerShot-G15-JPG,4000,3000,kernel,highlights,0,100,9.167584,9.384416,9.561541,9.623458999999999,9.822083000000001,100,True
private-Canon-PowerShot-G15-JPG,4000,3000,warm_service,highlights,0,100,135.81437499999998,140.360083,144.241625,152.1845,153.446166,250,True
private-Canon-PowerShot-G15-JPG,4000,3000,kernel,shadows,0,100,9.183083,9.365625000000001,9.509875,9.534666000000001,9.557,100,True
private-Canon-PowerShot-G15-JPG,4000,3000,warm_service,shadows,0,100,136.19899999999998,141.117625,145.81287500000002,159.82316699999998,312.347625,250,True
private-Canon-PowerShot-G15-JPG,4000,3000,kernel,saturation,0,100,9.103209,9.299750000000001,9.461167,9.57825,9.592875000000001,100,True
private-Canon-PowerShot-G15-JPG,4000,3000,warm_service,saturation,0,100,136.154125,140.706416,145.117958,150.888042,154.066584,250,True
private-Canon-PowerShot-G15-JPG,4000,3000,kernel,vibrance,0,100,9.08625,9.298125,9.476333,9.61725,9.636208,100,True
private-Canon-PowerShot-G15-JPG,4000,3000,warm_service,vibrance,0,100,136.253708,141.044333,146.15720900000002,152.664333,335.573375,250,True
private-Canon-PowerShot-G15-JPG,4000,3000,kernel,sharpening,0,100,19.165000000000003,19.525959,19.895458,20.014,20.054166,100,True
private-Canon-PowerShot-G15-JPG,4000,3000,warm_service,sharpening,0,100,148.134041,153.6365,161.14795900000001,164.681584,176.966458,250,True
private-Canon-PowerShot-G15-JPG,4000,3000,kernel,luminance_noise,0,100,23.055958,23.182542,23.323792,23.437834000000002,23.4485,100,True
private-Canon-PowerShot-G15-JPG,4000,3000,warm_service,luminance_noise,0,100,147.57945899999999,153.475167,163.674125,188.669208,388.30262500000003,250,True
private-Canon-PowerShot-G15-JPG,4000,3000,kernel,chroma_noise,0,100,23.072084,23.255709,23.627959,23.791916999999998,23.889125,100,True
private-Canon-PowerShot-G15-JPG,4000,3000,warm_service,chroma_noise,0,100,149.772583,153.62166599999998,163.653667,173.207,180.05362499999998,250,True
private-Canon-PowerShot-G15-JPG,4000,3000,kernel,combined,0,100,60.584582999999995,61.192667,62.258666999999996,63.07183299999999,63.187583000000004,100,True
private-Canon-PowerShot-G15-JPG,4000,3000,warm_service,combined,0,100,188.8945,192.53075,202.049542,253.165083,285.928625,250,True
private-Canon-PowerShot-G15-JPG,4000,3000,full,combined,0,20,369.26266699999996,374.494541,378.710959,379.342917,379.342917,5000,True
private-Canon-EOS-5D-Mark-IV-RAW,6720,4480,first_raw,combined,0,20,2030.3536669999999,2043.568959,2064.887666,2065.20975,2065.20975,20000,True
private-X-T3-RAW,6240,4160,first_raw,combined,0,20,9365.807208,9445.057332999999,9709.832417,9711.180499999999,9711.180499999999,20000,True
private-X-T3-DNG,6240,4160,first_raw,combined,0,20,1226.8978749999999,1239.4182090000002,1249.362334,1250.5395830000002,1250.5395830000002,20000,True
private-L1D-20c-DNG,5464,3640,first_raw,combined,0,20,1804.262,1826.231333,1840.411667,1850.103,1850.103,20000,True
public-panasonic-gx7mk2,4592,3448,first_raw,combined,0,20,1108.639416,1114.8505,1123.308458,1123.985375,1123.985375,20000,True
private-Canon-EOS-5D-Mark-IV-RAW,6720,4480,export,jpeg8,0,20,8596.57825,8707.270125000001,9345.432833,9424.71225,9424.71225,25000,True
private-Canon-EOS-5D-Mark-IV-RAW,6720,4480,export,png8,0,20,3606.1037499999998,3624.076333,3647.804292,3652.439833,3652.439833,40000,True
private-Canon-EOS-5D-Mark-IV-RAW,6720,4480,export,png16,0,20,4561.9388340000005,4585.123875,4612.828125,4617.411958,4617.411958,40000,True
private-Canon-EOS-5D-Mark-IV-RAW,6720,4480,export,tiff8,0,20,7961.119833,7973.866208,8006.746708,8042.221500000001,8042.221500000001,30000,True
private-Canon-EOS-5D-Mark-IV-RAW,6720,4480,export,tiff16,0,20,9867.115249999999,10179.410875,11349.448417,11885.347582999999,11885.347582999999,30000,True
private-Canon-EOS-5D-Mark-IV-RAW,6720,4480,export,tiff32,0,20,14655.587125,14931.499625,17006.489792,17772.677459000002,17772.677459000002,30000,True
private-X-T3-DNG,6240,4160,export,jpeg8,0,20,4918.381834,4992.28675,5157.759875,5179.180875,5179.180875,25000,True
private-X-T3-DNG,6240,4160,export,png8,0,20,2631.1091659999997,2660.256042,2684.145792,2698.03025,2698.03025,40000,True
private-X-T3-DNG,6240,4160,export,png16,0,20,3473.916125,3527.608875,3569.2682910000003,3572.14775,3572.14775,40000,True
private-X-T3-DNG,6240,4160,export,tiff8,0,20,5830.226416,5861.534457999999,7489.469209,7621.938792,7621.938792,30000,True
private-X-T3-DNG,6240,4160,export,tiff16,0,20,8453.037957999999,10099.403583000001,19705.525042,24761.9045,24761.9045,30000,True
private-X-T3-DNG,6240,4160,export,tiff32,0,20,12053.043208000001,12568.678084,20974.399833,29237.429084,29237.429084,30000,True
private-Canon-PowerShot-G15-JPG,4000,3000,export,jpeg8,0,20,3971.182917,5115.857417,8796.991291999999,11028.399458000002,11028.399458000002,25000,True
private-Canon-PowerShot-G15-JPG,4000,3000,export,png8,0,20,939.429709,962.5052499999999,1067.075458,1345.737834,1345.737834,40000,True
private-Canon-PowerShot-G15-JPG,4000,3000,export,png16,0,20,1320.2049169999998,1393.19675,4517.4267500000005,7269.906333,7269.906333,40000,True
private-Canon-PowerShot-G15-JPG,4000,3000,export,tiff8,0,20,2089.4306669999996,2202.4402919999998,3338.0829169999997,4040.055917,4040.055917,30000,True
private-Canon-PowerShot-G15-JPG,4000,3000,export,tiff16,0,20,3479.661541,3777.630959,5338.845499999999,6061.0340830000005,6061.0340830000005,30000,True
private-Canon-PowerShot-G15-JPG,4000,3000,export,tiff32,0,20,4850.9525,4885.5335000000005,4954.174207999999,5009.033834,5009.033834,30000,True
private-X-T3-RAW,6240,4160,overlap_import,exposure,0,100,3.2567500000000003,3.7195,3.808792,3.8344579999999997,3.845458,100,True
private-X-T3-RAW,6240,4160,overlap_export,exposure,0,100,3.226041,3.730292,3.828167,3.876417,3.896083,100,True
