assets,case,population,n,p50_ms,p95_ms,p99_ms,max_ms,peak_rss_bytes,max_chunks,max_candidates,max_vm_steps,max_sorts,max_text_rows,max_text_bytes,max_text_batches,max_text_vm_steps,returned_rows_histogram
1000000,browse,warm_ms,100,0.11831250000000001,0.14343125,0.16153291000000003,0.164791,190955520,1,200,4607,0,0,0,0,0,"{""200"":120}"
1000000,browse,fresh_page_ms,20,0.18854149999999997,0.20183895,0.20256779,0.20274999999999999,190955520,1,200,4607,0,0,0,0,0,"{""200"":120}"
1000000,browse,fresh_process_wall_ms,20,58.53002046933398,61.750423279590905,61.851218272931874,61.876417021267116,190955520,1,200,4607,0,0,0,0,0,"{""200"":120}"
1000000,rating,warm_ms,100,0.141583,0.2165604,0.23246783000000015,0.26225,194625536,1,200,5015,0,0,0,0,0,"{""200"":120}"
1000000,rating,fresh_page_ms,20,0.263896,0.3275191,0.33857101999999994,0.34133399999999997,194625536,1,200,5015,0,0,0,0,0,"{""200"":120}"
1000000,rating,fresh_process_wall_ms,20,61.35899998480454,73.06440028478391,79.3056464625988,80.86595800705254,194625536,1,200,5015,0,0,0,0,0,"{""200"":120}"
1000000,rating-sort,warm_ms,100,0.1601665,0.2173107,0.2565211600000001,0.266833,194379776,1,200,6446,0,0,0,0,0,"{""200"":120}"
1000000,rating-sort,fresh_page_ms,20,0.2855625,0.2989354,0.30175348,0.302458,194379776,1,200,6446,0,0,0,0,0,"{""200"":120}"
1000000,rating-sort,fresh_process_wall_ms,20,61.355624988209456,61.832631507422775,62.40779273910448,62.551583047024906,194379776,1,200,6446,0,0,0,0,0,"{""200"":120}"
1000000,capture-rating,warm_ms,100,0.175063,0.23786664999999946,0.4221903300000002,0.461625,224722944,1,200,6854,0,0,0,0,0,"{""200"":120}"
1000000,capture-rating,fresh_page_ms,20,0.471396,0.49210385000000006,0.5779207699999999,0.599375,224722944,1,200,6854,0,0,0,0,0,"{""200"":120}"
1000000,capture-rating,fresh_process_wall_ms,20,61.5238540340215,61.66675837012008,61.672585199121386,61.67404190637171,224722944,1,200,6854,0,0,0,0,0,"{""200"":120}"
1000000,filename-reverse,warm_ms,100,4.057354,4.27755,4.308356580000001,4.36425,194330624,1,1000,44235,0,1000,13400,28,14204,"{""200"":120}"
1000000,filename-reverse,fresh_page_ms,20,4.7733125,5.207542,5.2531419999999995,5.264542,194330624,1,1000,44235,0,1000,13400,28,14204,"{""200"":120}"
1000000,filename-reverse,fresh_process_wall_ms,20,61.22841697651893,75.68553744349629,76.78240752313286,77.056625043042,194330624,1,1000,44235,0,1000,13400,28,14204,"{""200"":120}"
1000000,keyword,warm_ms,100,0.214229,0.3089229,0.34010042000000007,0.350042,194822144,1,200,8015,0,0,0,0,0,"{""200"":120}"
1000000,keyword,fresh_page_ms,20,0.389896,0.41108955,0.42195070999999995,0.424666,194822144,1,200,8015,0,0,0,0,0,"{""200"":120}"
1000000,keyword,fresh_process_wall_ms,20,61.56775000272319,64.5002524892334,84.24255042453294,89.17812490835786,194822144,1,200,8015,0,0,0,0,0,"{""200"":120}"
1000000,wide-keyword,warm_ms,100,0.102104,0.18854134999999997,0.2278796700000001,0.24487499999999998,40550400,1,50,2019,0,0,0,0,0,"{""14"":12,""18"":12,""23"":12,""27"":12,""32"":12,""36"":12,""41"":12,""45"":12,""50"":12,""9"":12}"
1000000,wide-keyword,fresh_page_ms,20,0.20779150000000002,0.34165415000000005,0.34399723,0.344583,40550400,1,50,2019,0,0,0,0,0,"{""14"":12,""18"":12,""23"":12,""27"":12,""32"":12,""36"":12,""41"":12,""45"":12,""50"":12,""9"":12}"
1000000,wide-keyword,fresh_process_wall_ms,20,31.472374452278018,31.76442223484628,31.770218008896336,31.77166695240885,40550400,1,50,2019,0,0,0,0,0,"{""14"":12,""18"":12,""23"":12,""27"":12,""32"":12,""36"":12,""41"":12,""45"":12,""50"":12,""9"":12}"
1000000,collection,warm_ms,100,0.18975,0.31487885,0.32365325000000006,0.33466700000000005,196427776,1,200,7214,0,0,0,0,0,"{""200"":120}"
1000000,collection,fresh_page_ms,20,0.356521,0.36725415,0.37491723,0.376833,196427776,1,200,7214,0,0,0,0,0,"{""200"":120}"
1000000,collection,fresh_process_wall_ms,20,61.52741698315367,61.70352573390119,61.839438745519146,61.873416998423636,196427776,1,200,7214,0,0,0,0,0,"{""200"":120}"
1000000,mixed,warm_ms,100,8.4118335,10.2736806,10.46205542,10.628416999999999,297811968,3,11995,720481,0,1000,13400,233,19722,"{""200"":120}"
1000000,mixed,fresh_page_ms,20,12.334729,12.8833292,13.393733039999999,13.521334,297811968,3,11995,720481,0,1000,13400,233,19722,"{""200"":120}"
1000000,mixed,fresh_process_wall_ms,20,61.64256198098883,63.02852563094349,79.64313795324412,83.79679103381932,297811968,3,11995,720481,0,1000,13400,233,19722,"{""200"":120}"
1000000,text,warm_ms,100,5.4651250000000005,6.00710385,6.760328250000001,6.875292,197722112,1,200,5418,0,0,0,0,0,"{""200"":120}"
1000000,text,fresh_page_ms,20,5.847021,6.2679271000000005,6.3732190200000005,6.399542,197722112,1,200,5418,0,0,0,0,0,"{""200"":120}"
1000000,text,fresh_process_wall_ms,20,61.58281199168414,61.74435231368989,61.76047045271844,61.764499987475574,197722112,1,200,5418,0,0,0,0,0,"{""200"":120}"
1000000,text-capture,warm_ms,100,0.8802500000000001,1.846175,1.8846387500000001,1.91075,110559232,1,999,47190,0,999,13386,28,14191,"{""0"":60,""200"":60}"
1000000,text-capture,fresh_page_ms,20,1.7521455000000001,3.5646982,3.60317244,3.612791,110559232,1,999,47190,0,999,13386,28,14191,"{""0"":60,""200"":60}"
1000000,text-capture,fresh_process_wall_ms,20,43.516811972949654,61.706168798264116,62.14003371773288,62.24849994760007,110559232,1,999,47190,0,999,13386,28,14191,"{""0"":60,""200"":60}"
1000000,camera-lens,warm_ms,100,0.32470849999999996,0.46017295,0.4769021700000001,0.49612500000000004,196018176,1,799,27382,0,0,0,0,0,"{""200"":120}"
1000000,camera-lens,fresh_page_ms,20,0.5250205,0.5482895999999999,0.55079152,0.551417,196018176,1,799,27382,0,0,0,0,0,"{""200"":120}"
1000000,camera-lens,fresh_process_wall_ms,20,61.14512501517311,61.79633744759485,61.90786754479632,61.935750069096684,196018176,1,799,27382,0,0,0,0,0,"{""200"":120}"
1000000,date-camera,warm_ms,100,0.3750205,1.05523955,1.1068415800000002,1.1241249999999998,223051776,1,600,30481,0,0,0,0,0,"{""200"":120}"
1000000,date-camera,fresh_page_ms,20,1.0764585000000002,1.1149646,1.12392652,1.126167,223051776,1,600,30481,0,0,0,0,0,"{""200"":120}"
1000000,date-camera,fresh_process_wall_ms,20,61.682916479185224,62.080689903814346,62.08103796700016,62.08112498279661,223051776,1,600,30481,0,0,0,0,0,"{""200"":120}"
1000000,label-flag,warm_ms,100,0.201,0.27821520000000005,0.31551816,0.32137499999999997,194117632,1,399,11786,0,0,0,0,0,"{""200"":120}"
1000000,label-flag,fresh_page_ms,20,0.3332915,0.34431215,0.34589522999999994,0.34629099999999996,194117632,1,399,11786,0,0,0,0,0,"{""200"":120}"
1000000,label-flag,fresh_process_wall_ms,20,59.1458750423044,61.71369403600693,61.98770523071289,62.05620802938938,194117632,1,399,11786,0,0,0,0,0,"{""200"":120}"
1000000,folder,warm_ms,100,0.1444165,0.20220145,0.22860408000000015,0.2595,193380352,1,200,5015,0,0,0,0,0,"{""200"":120}"
1000000,folder,fresh_page_ms,20,0.247854,0.27064820000000006,0.3900624399999998,0.419916,193380352,1,200,5015,0,0,0,0,0,"{""200"":120}"
1000000,folder,fresh_process_wall_ms,20,61.48160400334746,61.791527044260874,62.01423908700235,62.06991709768772,193380352,1,200,5015,0,0,0,0,0,"{""200"":120}"
1000000,folder-recursive,warm_ms,100,0.160271,0.2000351,0.23205792000000003,0.23779199999999998,191152128,1,200,7214,0,0,0,0,0,"{""200"":120}"
1000000,folder-recursive,fresh_page_ms,20,0.243709,0.2555896,0.25695152,0.257292,191152128,1,200,7214,0,0,0,0,0,"{""200"":120}"
1000000,folder-recursive,fresh_process_wall_ms,20,55.798104498535395,61.5268973284401,61.56081305118278,61.569291981868446,191152128,1,200,7214,0,0,0,0,0,"{""200"":120}"
1000000,conflicted,warm_ms,100,3.1897919999999997,3.8748042,3.90061533,3.9326250000000003,238436352,5,19394,504084,0,0,0,0,0,"{""200"":120}"
1000000,conflicted,fresh_page_ms,20,4.007104,4.1386018,4.15788756,4.1627089999999995,238436352,5,19394,504084,0,0,0,0,0,"{""200"":120}"
1000000,conflicted,fresh_process_wall_ms,20,58.62993746995926,75.36705392412841,77.09561073221266,77.52774993423373,238436352,5,19394,504084,0,0,0,0,0,"{""200"":120}"
5000000,browse,warm_ms,100,0.1227295,0.1415372,0.18051667,0.182167,190922752,1,200,4607,0,0,0,0,0,"{""200"":120}"
5000000,browse,fresh_page_ms,20,0.18764599999999998,0.19422885,0.19834576999999998,0.199375,190922752,1,200,4607,0,0,0,0,0,"{""200"":120}"
5000000,browse,fresh_process_wall_ms,20,55.28068746207282,60.76458471361548,61.354250465519726,61.50166690349579,190922752,1,200,4607,0,0,0,0,0,"{""200"":120}"
5000000,rating,warm_ms,100,0.1524795,0.20685865,0.21097709000000003,0.221084,193167360,1,200,5015,0,0,0,0,0,"{""200"":120}"
5000000,rating,fresh_page_ms,20,0.25825,0.2737143,0.27951006,0.280959,193167360,1,200,5015,0,0,0,0,0,"{""200"":120}"
5000000,rating,fresh_process_wall_ms,20,57.46168753830716,61.37197709758766,61.730728229740635,61.82041601277888,193167360,1,200,5015,0,0,0,0,0,"{""200"":120}"
5000000,rating-sort,warm_ms,100,0.17325000000000002,0.23199579999999997,0.2535133300000001,0.279583,221003776,1,200,6446,0,0,0,0,0,"{""200"":120}"
5000000,rating-sort,fresh_page_ms,20,0.2849585,0.2956045,0.30795449999999996,0.311042,221003776,1,200,6446,0,0,0,0,0,"{""200"":120}"
5000000,rating-sort,fresh_process_wall_ms,20,54.62143797194585,61.31717499229126,61.5972350013908,61.667250003665686,221003776,1,200,6446,0,0,0,0,0,"{""200"":120}"
5000000,capture-rating,warm_ms,100,0.192771,0.26055479999999953,0.4539333300000001,0.459708,197836800,1,200,6854,0,0,0,0,0,"{""200"":120}"
5000000,capture-rating,fresh_page_ms,20,0.47425,0.5069250000000001,0.509585,0.51025,197836800,1,200,6854,0,0,0,0,0,"{""200"":120}"
5000000,capture-rating,fresh_process_wall_ms,20,57.01268749544397,62.26720663835295,71.76780850277281,74.14295896887779,197836800,1,200,6854,0,0,0,0,0,"{""200"":120}"
5000000,filename-reverse,warm_ms,100,4.4529795,4.5748503,4.632685329999999,4.6345,194969600,1,1000,44235,0,1000,13400,28,14204,"{""200"":120}"
5000000,filename-reverse,fresh_page_ms,20,4.8465205,4.92249165,4.95276473,4.960333,194969600,1,1000,44235,0,1000,13400,28,14204,"{""200"":120}"
5000000,filename-reverse,fresh_process_wall_ms,20,61.558041954413056,61.6743853664957,61.68974349973723,61.69358303304762,194969600,1,1000,44235,0,1000,13400,28,14204,"{""200"":120}"
5000000,keyword,warm_ms,100,0.2321455,0.32084135,0.33331791000000005,0.34004100000000004,194887680,1,200,8015,0,0,0,0,0,"{""200"":120}"
5000000,keyword,fresh_page_ms,20,0.3903335,0.40672115,0.40754423,0.40775,194887680,1,200,8015,0,0,0,0,0,"{""200"":120}"
5000000,keyword,fresh_process_wall_ms,20,58.407020987942815,61.701485386583954,61.718364239204675,61.722583952359855,194887680,1,200,8015,0,0,0,0,0,"{""200"":120}"
5000000,wide-keyword,warm_ms,100,0.187375,0.27296875,0.3441697500000004,0.418791,143523840,1,200,8015,0,0,0,0,0,"{""115"":12,""137"":12,""160"":12,""182"":12,""200"":36,""47"":12,""70"":12,""92"":12}"
5000000,wide-keyword,fresh_page_ms,20,0.8557705,1.1959798,1.26089596,1.277125,143523840,1,200,8015,0,0,0,0,0,"{""115"":12,""137"":12,""160"":12,""182"":12,""200"":36,""47"":12,""70"":12,""92"":12}"
5000000,wide-keyword,fresh_process_wall_ms,20,54.028521466534585,61.884249991271645,62.54165004240349,62.70600005518645,143523840,1,200,8015,0,0,0,0,0,"{""115"":12,""137"":12,""160"":12,""182"":12,""200"":36,""47"":12,""70"":12,""92"":12}"
5000000,collection,warm_ms,100,0.19645800000000002,0.30158989999999997,0.33047134000000006,0.344167,195411968,1,200,7214,0,0,0,0,0,"{""200"":120}"
5000000,collection,fresh_page_ms,20,0.3590625,0.3866069,0.38695498,0.387042,195411968,1,200,7214,0,0,0,0,0,"{""200"":120}"
5000000,collection,fresh_process_wall_ms,20,61.58914597472176,61.94933752412908,62.011467510601506,62.02700000721961,195411968,1,200,7214,0,0,0,0,0,"{""200"":120}"
5000000,mixed,warm_ms,100,9.0147495,12.450760099999998,12.699575590000002,12.789625000000001,401571840,3,12000,720794,0,1000,13400,233,19722,"{""200"":120}"
5000000,mixed,fresh_page_ms,20,12.819771,13.5374194,13.58431748,13.596041999999999,401571840,3,12000,720794,0,1000,13400,233,19722,"{""200"":120}"
5000000,mixed,fresh_process_wall_ms,20,61.777270515449345,85.78823925927281,86.35871428996325,86.50133304763585,401571840,3,12000,720794,0,1000,13400,233,19722,"{""200"":120}"
5000000,text,warm_ms,100,26.6088545,28.950088949999998,29.269164250000003,29.277207999999998,204111872,1,200,5418,0,0,0,0,0,"{""200"":120}"
5000000,text,fresh_page_ms,20,28.6679795,31.0731521,31.50486402,31.612792,204111872,1,200,5418,0,0,0,0,0,"{""200"":120}"
5000000,text,fresh_process_wall_ms,20,91.44343750085682,91.93004135740921,92.20110825961456,92.2688749851659,204111872,1,200,5418,0,0,0,0,0,"{""200"":120}"
5000000,text-capture,warm_ms,100,0.9248960000000002,1.8983607,1.9646712499999999,1.9692500000000002,110575616,1,999,47190,0,999,13386,28,14191,"{""0"":60,""200"":60}"
5000000,text-capture,fresh_page_ms,20,1.7150205000000003,3.4012128,3.46840896,3.485208,110575616,1,999,47190,0,999,13386,28,14191,"{""0"":60,""200"":60}"
5000000,text-capture,fresh_process_wall_ms,20,41.910125059075654,62.31993991532364,71.21798795764333,73.44249996822327,110575616,1,999,47190,0,999,13386,28,14191,"{""0"":60,""200"":60}"
5000000,camera-lens,warm_ms,100,0.352125,0.46954795,0.4792916600000001,0.508166,196132864,1,800,27417,0,0,0,0,0,"{""200"":120}"
5000000,camera-lens,fresh_page_ms,20,0.5204789999999999,0.5414729,0.5448609799999999,0.545708,196132864,1,800,27417,0,0,0,0,0,"{""200"":120}"
5000000,camera-lens,fresh_process_wall_ms,20,58.4223959594965,61.73573301639408,61.94321300368756,61.99508300051093,196132864,1,800,27417,0,0,0,0,0,"{""200"":120}"
5000000,date-camera,warm_ms,100,0.40929150000000003,1.0064851,1.0382707500000001,1.0485419999999999,224149504,1,600,30481,0,0,0,0,0,"{""200"":120}"
5000000,date-camera,fresh_page_ms,20,1.0586250000000001,1.1437899,1.2197579799999998,1.23875,224149504,1,600,30481,0,0,0,0,0,"{""200"":120}"
5000000,date-camera,fresh_process_wall_ms,20,56.431354489177465,62.56401878199541,69.16490376810542,70.81512501463294,224149504,1,600,30481,0,0,0,0,0,"{""200"":120}"
5000000,label-flag,warm_ms,100,0.2185625,0.2767521,0.28082101000000004,0.283792,194215936,1,400,11816,0,0,0,0,0,"{""200"":120}"
5000000,label-flag,fresh_page_ms,20,0.335167,0.34684170000000003,0.34823554,0.348584,194215936,1,400,11816,0,0,0,0,0,"{""200"":120}"
5000000,label-flag,fresh_process_wall_ms,20,55.77481194632128,78.01374372793362,81.93904869025573,82.92037493083626,194215936,1,400,11816,0,0,0,0,0,"{""200"":120}"
5000000,folder,warm_ms,100,0.157604,0.19914645,0.20412408000000004,0.21225000000000002,221151232,1,200,5015,0,0,0,0,0,"{""200"":120}"
5000000,folder,fresh_page_ms,20,0.25447949999999997,0.26802565,0.26903873,0.26929200000000003,221151232,1,200,5015,0,0,0,0,0,"{""200"":120}"
5000000,folder,fresh_process_wall_ms,20,56.46281206281856,61.66601251461543,61.690902571426705,61.69712508562952,221151232,1,200,5015,0,0,0,0,0,"{""200"":120}"
5000000,folder-recursive,warm_ms,100,0.1678965,0.19185,0.2137463400000001,0.229917,191234048,1,200,7214,0,0,0,0,0,"{""200"":120}"
5000000,folder-recursive,fresh_page_ms,20,0.24912499999999999,0.25806665,0.25907973,0.259333,191234048,1,200,7214,0,0,0,0,0,"{""200"":120}"
5000000,folder-recursive,fresh_process_wall_ms,20,56.426625058520585,62.378748552873745,74.86614971421656,77.9880000045523,191234048,1,200,7214,0,0,0,0,0,"{""200"":120}"
5000000,conflicted,warm_ms,100,3.1485624999999997,3.912625,3.97803149,3.9852079999999996,237535232,5,19387,503902,0,0,0,0,0,"{""200"":120}"
5000000,conflicted,fresh_page_ms,20,4.021292000000001,4.355712150000001,5.404575229999998,5.666791,237535232,5,19387,503902,0,0,0,0,0,"{""200"":120}"
5000000,conflicted,fresh_process_wall_ms,20,61.70370802283287,71.34802887449041,77.51080573769285,79.05149995349348,237535232,5,19387,503902,0,0,0,0,0,"{""200"":120}"
10000000,browse,warm_ms,100,0.123709,0.1410646,0.16844116,0.170833,190939136,1,200,4607,0,0,0,0,0,"{""200"":120}"
10000000,browse,fresh_page_ms,20,0.18916650000000002,0.20232085,0.21479776999999997,0.217917,190939136,1,200,4607,0,0,0,0,0,"{""200"":120}"
10000000,browse,fresh_process_wall_ms,20,61.76862498978153,61.93480214569718,62.083794069476426,62.12104205042124,190939136,1,200,4607,0,0,0,0,0,"{""200"":120}"
10000000,rating,warm_ms,100,0.15818749999999998,0.2099556,0.21572925,0.21783300000000003,194084864,1,200,5015,0,0,0,0,0,"{""200"":120}"
10000000,rating,fresh_page_ms,20,0.2686245,0.30751075,0.32223575,0.325917,194084864,1,200,5015,0,0,0,0,0,"{""200"":120}"
10000000,rating,fresh_process_wall_ms,20,62.0696249534376,82.83055626088753,82.86561119602993,82.87437492981553,194084864,1,200,5015,0,0,0,0,0,"{""200"":120}"
10000000,rating-sort,warm_ms,100,0.17902099999999999,0.23573719999999998,0.28335809000000006,0.29,194494464,1,200,6446,0,0,0,0,0,"{""200"":120}"
10000000,rating-sort,fresh_page_ms,20,0.2949165,0.5479292,0.5848530399999999,0.5940840000000001,194494464,1,200,6446,0,0,0,0,0,"{""200"":120}"
10000000,rating-sort,fresh_process_wall_ms,20,61.92652101162821,83.38654963299632,83.68624353781343,83.7611670140177,194494464,1,200,6446,0,0,0,0,0,"{""200"":120}"
10000000,capture-rating,warm_ms,100,0.21997899999999998,0.4491711499999999,0.52045475,0.524291,197476352,1,200,6854,0,0,0,0,0,"{""200"":120}"
10000000,capture-rating,fresh_page_ms,20,0.5011665,0.5509670000000001,0.6524269999999998,0.677792,197476352,1,200,6854,0,0,0,0,0,"{""200"":120}"
10000000,capture-rating,fresh_process_wall_ms,20,61.9520420441404,84.43248508847319,85.22329694475047,85.4209999088198,197476352,1,200,6854,0,0,0,0,0,"{""200"":120}"
10000000,filename-reverse,warm_ms,100,4.8033335,5.2450920000000005,5.597556580000008,7.096375,195248128,1,1000,44235,0,1000,13400,28,14204,"{""200"":120}"
10000000,filename-reverse,fresh_page_ms,20,4.8624375,4.961249349999999,4.97391627,4.977083,195248128,1,1000,44235,0,1000,13400,28,14204,"{""200"":120}"
10000000,filename-reverse,fresh_process_wall_ms,20,61.74993753666058,61.95374758099206,62.062649509171024,62.089874991215765,195248128,1,1000,44235,0,1000,13400,28,14204,"{""200"":120}"
10000000,keyword,warm_ms,100,0.239271,0.32255624999999993,0.34491767000000023,0.382208,194920448,1,200,8015,0,0,0,0,0,"{""200"":120}"
10000000,keyword,fresh_page_ms,20,0.45589599999999997,0.6888521000000001,0.7303040199999999,0.740667,194920448,1,200,8015,0,0,0,0,0,"{""200"":120}"
10000000,keyword,fresh_process_wall_ms,20,62.92545853648335,122.70701660308988,131.4567705290392,133.64420901052654,194920448,1,200,8015,0,0,0,0,0,"{""200"":120}"
10000000,wide-keyword,warm_ms,100,0.41245849999999995,0.6588708,0.7483225000000007,0.8792500000000001,185253888,1,200,8015,0,0,0,0,0,"{""140"":12,""185"":12,""200"":84,""95"":12}"
10000000,wide-keyword,fresh_page_ms,20,1.117854,1.1648649,1.19257298,1.1995,185253888,1,200,8015,0,0,0,0,0,"{""140"":12,""185"":12,""200"":84,""95"":12}"
10000000,wide-keyword,fresh_process_wall_ms,20,61.792604450602084,62.26072942954488,63.067279510432854,63.26891703065485,185253888,1,200,8015,0,0,0,0,0,"{""140"":12,""185"":12,""200"":84,""95"":12}"
10000000,collection,warm_ms,100,0.2040625,0.29603064999999995,0.3236730100000001,0.344959,196476928,1,200,7214,0,0,0,0,0,"{""200"":120}"
10000000,collection,fresh_page_ms,20,0.35572950000000003,0.3837375000000002,0.5602474999999997,0.604375,196476928,1,200,7214,0,0,0,0,0,"{""200"":120}"
10000000,collection,fresh_process_wall_ms,20,61.6787500330247,61.830285080941394,61.8732570821885,61.88400008250028,196476928,1,200,7214,0,0,0,0,0,"{""200"":120}"
10000000,mixed,warm_ms,100,9.266833,12.61453365,13.064848330000002,13.445833,373620736,3,11995,720481,0,1000,13400,233,19722,"{""200"":120}"
10000000,mixed,fresh_page_ms,20,12.9523755,13.18844855,13.27568971,13.2975,373620736,3,11995,720481,0,1000,13400,233,19722,"{""200"":120}"
10000000,mixed,fresh_process_wall_ms,20,61.86047900700942,84.80817054514773,86.37510048807599,86.76683297380805,373620736,3,11995,720481,0,1000,13400,233,19722,"{""200"":120}"
10000000,text,warm_ms,100,54.8986245,60.294636049999994,60.79668616,60.996583,504135680,1,200,5418,0,0,0,0,0,"{""200"":120}"
10000000,text,fresh_page_ms,20,57.6156665,61.87112675,62.49689175,62.653333,504135680,1,200,5418,0,0,0,0,0,"{""200"":120}"
10000000,text,fresh_process_wall_ms,20,118.3039165334776,121.78512681857683,121.81619176757522,121.82395800482482,504135680,1,200,5418,0,0,0,0,0,"{""200"":120}"
10000000,text-capture,warm_ms,100,0.997313,2.16419375,2.2154525,2.2355,110542848,1,999,47190,0,999,13386,28,14191,"{""0"":60,""200"":60}"
10000000,text-capture,fresh_page_ms,20,1.7115204999999998,3.3256583,3.4173644599999995,3.4402909999999998,110542848,1,999,47190,0,999,13386,28,14191,"{""0"":60,""200"":60}"
10000000,text-capture,fresh_process_wall_ms,20,41.91547952359542,63.366616325220114,86.35712325456548,92.10474998690188,110542848,1,999,47190,0,999,13386,28,14191,"{""0"":60,""200"":60}"
10000000,camera-lens,warm_ms,100,0.3565205,0.45902144999999994,0.47252883,0.479541,196968448,1,799,27382,0,0,0,0,0,"{""200"":120}"
10000000,camera-lens,fresh_page_ms,20,0.5230625,0.5478893000000001,0.55064506,0.551334,196968448,1,799,27382,0,0,0,0,0,"{""200"":120}"
10000000,camera-lens,fresh_process_wall_ms,20,61.676916491705924,61.79163058404811,61.81199245736934,61.81708292569965,196968448,1,799,27382,0,0,0,0,0,"{""200"":120}"
10000000,date-camera,warm_ms,100,0.416146,0.96248395,1.01410783,1.0206250000000001,250707968,1,600,30481,0,0,0,0,0,"{""200"":120}"
10000000,date-camera,fresh_page_ms,20,1.043021,1.0619548,1.07329096,1.076125,250707968,1,600,30481,0,0,0,0,0,"{""200"":120}"
10000000,date-camera,fresh_process_wall_ms,20,56.078853958752006,61.73644544905983,61.92245549405925,61.968958005309105,250707968,1,600,30481,0,0,0,0,0,"{""200"":120}"
10000000,label-flag,warm_ms,100,0.22118749999999998,0.28066665,0.29400875000000015,0.332,194494464,1,399,11786,0,0,0,0,0,"{""200"":120}"
10000000,label-flag,fresh_page_ms,20,0.33318800000000004,0.34606455,0.35084571,0.352041,194494464,1,399,11786,0,0,0,0,0,"{""200"":120}"
10000000,label-flag,fresh_process_wall_ms,20,58.66237502777949,61.81298298179172,61.82096304255538,61.82295805774629,194494464,1,399,11786,0,0,0,0,0,"{""200"":120}"
10000000,folder,warm_ms,100,0.155104,0.19601220000000003,0.19756976,0.20041699999999998,193495040,1,200,5015,0,0,0,0,0,"{""200"":120}"
10000000,folder,fresh_page_ms,20,0.252458,0.25936185,0.26043877,0.260708,193495040,1,200,5015,0,0,0,0,0,"{""200"":120}"
10000000,folder,fresh_process_wall_ms,20,58.427437499631196,61.82576249120757,61.88105251407251,61.89487501978874,193495040,1,200,5015,0,0,0,0,0,"{""200"":120}"
10000000,folder-recursive,warm_ms,100,0.17010399999999998,0.1911292,0.21247958000000006,0.222833,191119360,1,200,7214,0,0,0,0,0,"{""200"":120}"
10000000,folder-recursive,fresh_page_ms,20,0.2516045,0.27228715,0.28489022999999997,0.288041,191119360,1,200,7214,0,0,0,0,0,"{""200"":120}"
10000000,folder-recursive,fresh_process_wall_ms,20,56.87993799801916,61.686164885759354,61.710832957178354,61.716999975033104,191119360,1,200,7214,0,0,0,0,0,"{""200"":120}"
10000000,conflicted,warm_ms,100,3.2166875,3.8967753499999995,4.02434917,4.0465420000000005,237486080,5,19391,504006,0,0,0,0,0,"{""200"":120}"
10000000,conflicted,fresh_page_ms,20,3.9657495000000003,4.1970104500000005,4.29976929,4.325459,237486080,5,19391,504006,0,0,0,0,0,"{""200"":120}"
10000000,conflicted,fresh_process_wall_ms,20,57.296645478345454,80.27620803331956,82.58470800472423,83.1618329975754,237486080,5,19391,504006,0,0,0,0,0,"{""200"":120}"
1000000,transitions,rating,100,9.419542,12.8071375,13.53529899,13.630833,421904384,,,,,,,,,
1000000,transitions,label,100,9.849687,12.6779893,13.417087500000003,14.094000000000001,421904384,,,,,,,,,
1000000,transitions,snapshot_browse,200,0.305875,0.5241937499999998,0.60001125,0.631583,421904384,,,,,,,,,
1000000,transitions,source_update,200,10.179667,13.093525,14.2915945,14.674958,421904384,,,,,,,,,
1000000,transitions,overlapping_writes,200,9.690062999999999,12.7879173,13.53529899,14.094000000000001,421904384,,,,,,,,,
1000000,transitions,overlapping_snapshot_browse,199,0.30650000000000005,0.5247624999999999,0.6000225,0.631583,421904384,,,,,,,,,
5000000,transitions,rating,100,9.697229499999999,12.1004747,13.01302816,13.118875000000001,367853568,,,,,,,,,
5000000,transitions,label,100,9.7142915,12.3404101,12.977525080000001,13.008916000000001,367853568,,,,,,,,,
5000000,transitions,snapshot_browse,200,0.256229,0.4531642499999999,0.49063383999999977,0.586375,367853568,,,,,,,,,
5000000,transitions,source_update,200,10.366563,12.63871695,13.594340829999997,14.142999999999999,367853568,,,,,,,,,
5000000,transitions,overlapping_writes,200,9.697229499999999,12.16080205,13.008946430000002,13.118875000000001,367853568,,,,,,,,,
5000000,transitions,overlapping_snapshot_browse,199,0.256416,0.45349549999999994,0.49093468000000035,0.586375,367853568,,,,,,,,,
10000000,transitions,rating,100,8.805771,11.68741075,12.14122983,12.192791999999999,370409472,,,,,,,,,
10000000,transitions,label,100,9.2140625,11.306883650000001,12.589153420000006,13.462375,370409472,,,,,,,,,
10000000,transitions,snapshot_browse,200,0.258583,0.4649690499999999,0.5209663399999999,0.581667,370409472,,,,,,,,,
10000000,transitions,source_update,200,9.577604000000001,11.965608,12.661352079999999,13.002208,370409472,,,,,,,,,
10000000,transitions,overlapping_writes,200,9.040728999999999,11.543364249999998,12.506908659999999,13.462375,370409472,,,,,,,,,
10000000,transitions,overlapping_snapshot_browse,199,0.258416,0.46527109999999994,0.5209746799999999,0.581667,370409472,,,,,,,,,
